"CBSA Code","CBSA","# Days with AQI","Good","Moderate","Unhealthy for Sensitive Groups","Unhealthy","Very Unhealthy","AQI Maximum","AQI 90th Percentile","AQI Median","# Days CO","# Days NO2","# Days O3","# Days SO2","# Days PM2.5","# Days PM10"
"14860","Bridgeport-Stamford-Norwalk, CT","366","259","84","18","4","1","205","81","42","2","80","146","67","71","."
"25540","Hartford-West Hartford-East Hartford, CT","366","234","111","18","3",".","192","76","43.5","10","25","169",".","162","."
"35300","New Haven-Milford, CT","366","125","225","14","1","1","206","87","56",".","14","53","11","265","23"
"35980","Norwich-New London, CT","239","188","47","3","1",".","174","68","40",".",".","153",".","86","."
"45860","Torrington, CT","237","177","50","8","2",".","185","84","41",".",".","167",".","70","."
"49340","Worcester, MA-CT","366","219","132","14","1",".","182","77","45",".","8","139","1","216","2"
