"CBSA Code","CBSA","# Days with AQI","Good","Moderate","Unhealthy for Sensitive Groups","Unhealthy","Very Unhealthy","AQI Maximum","AQI 90th Percentile","AQI Median","# Days CO","# Days NO2","# Days O3","# Days SO2","# Days PM2.5","# Days PM10"
"14860","Bridgeport-Stamford-Norwalk, CT","365","196","128","21","15","5","229","109","49","2","115","134","50","64","."
"25540","Hartford-West Hartford-East Hartford, CT","365","189","141","19","10","6","218","100","50","8","59","164","1","133","."
"35300","New Haven-Milford, CT","365","104","224","23","12","2","229","101","60",".","45","86","8","208","18"
"35980","Norwich-New London, CT","235","144","72","13","6",".","185","90","46",".",".","164",".","66","5"
"45860","Torrington, CT","103","86","14","1","2",".","182","74","25",".",".","35",".","32","36"
"49340","Worcester, MA-CT","365","189","143","17","12","4","210","96","50",".","31","173","10","151","."
