"CBSA Code","CBSA","# Days with AQI","Good","Moderate","Unhealthy for Sensitive Groups","Unhealthy","Very Unhealthy","AQI Maximum","AQI 90th Percentile","AQI Median","# Days CO","# Days NO2","# Days O3","# Days SO2","# Days PM2.5","# Days PM10"
"14860","Bridgeport-Stamford-Norwalk, CT","365","237","96","22","7","3","221","94","44","2","108","148","38","68","1"
"25540","Hartford-West Hartford-East Hartford, CT","365","199","146","13","6","1","206","83","48","21","30","152","7","154","1"
"35300","New Haven-Milford, CT","365","116","214","26","6","3","220","100","59",".","15","82","5","227","36"
"35980","Norwich-New London, CT","237","162","56","14","3","2","208","80","43",".",".","165",".","72","."
"45860","Torrington, CT","243","166","60","14","3",".","182","90","44",".",".","175",".","68","."
"49340","Worcester, MA-CT","365","227","118","17","3",".","185","79","44",".","3","221","1","140","."
