"CBSA Code","CBSA","# Days with AQI","Good","Moderate","Unhealthy for Sensitive Groups","Unhealthy","Very Unhealthy","AQI Maximum","AQI 90th Percentile","AQI Median","# Days CO","# Days NO2","# Days O3","# Days SO2","# Days PM2.5","# Days PM10"
"14860","Bridgeport-Stamford-Norwalk, CT","366","230","105","24","6","1","220","91","44","4","99","151","40","72","."
"25540","Hartford-West Hartford-East Hartford, CT","366","225","117","19","5",".","195","83","44","16","46","160","5","138","1"
"35300","New Haven-Milford, CT","366","145","194","21","5","1","217","93","54",".","47","74","11","216","18"
"35980","Norwich-New London, CT","252","167","70","13","1","1","220","87","42.5",".",".","180",".","66","6"
"45860","Torrington, CT","222","176","33","10","3",".","179","84","38",".",".","193",".",".","29"
"49340","Worcester, MA-CT","366","235","114","13","3","1","209","77","42","1","52","213","14","83","3"
