"CBSA Code","CBSA","# Days with AQI","Good","Moderate","Unhealthy for Sensitive Groups","Unhealthy","Very Unhealthy","AQI Maximum","AQI 90th Percentile","AQI Median","# Days CO","# Days NO2","# Days O3","# Days SO2","# Days PM2.5","# Days PM10"
"11260","Anchorage, AK","305","257","47","1",".",".","115","54","30","129",".",".",".","81","95"
"21820","Fairbanks, AK","243","169","63","8","3",".","169","81","32","128",".",".",".","114","1"
"27940","Juneau, AK","126","108","17","1",".",".","107","60","18",".",".",".",".","124","2"
"28540","Ketchikan, AK","60","49","11",".",".",".","93","59","13",".",".",".",".","60","."
